INSERT INTO filial (cnpj, site, telefone, endereco) VALUES ('123456780001', 'site1.com', '11987654321', 'Endereço da Filial 1');
INSERT INTO filial (cnpj, site, telefone, endereco) VALUES ('123456780002', 'site2.com', '21987654321', 'Endereço da Filial 2');
INSERT INTO filial (cnpj, site, telefone, endereco) VALUES ('123456780003', 'site3.com', '31987654321', 'Endereço da Filial 3');
INSERT INTO filial (cnpj, site, telefone, endereco) VALUES ('123456780004', 'site4.com', '41987654321', 'Endereço da Filial 4');
INSERT INTO filial (cnpj, site, telefone, endereco) VALUES ('123456780005', 'site5.com', '51987654321', 'Endereço da Filial 5');
INSERT INTO filial (cnpj, site, telefone, endereco) VALUES ('123456780006', 'site6.com', '61987654321', 'Endereço da Filial 6');
INSERT INTO filial (cnpj, site, telefone, endereco) VALUES ('123456780007', 'site7.com', '71987654321', 'Endereço da Filial 7');
INSERT INTO filial (cnpj, site, telefone, endereco) VALUES ('123456780008', 'site8.com', '81987654321', 'Endereço da Filial 8');
INSERT INTO filial (cnpj, site, telefone, endereco) VALUES ('123456780009', 'site9.com', '91987654321', 'Endereço da Filial 9');
INSERT INTO filial (cnpj, site, telefone, endereco) VALUES ('123456780010', 'site10.com', '101987654321', 'Endereço da Filial 10');

INSERT INTO fornecedor (cnpj, nome, telefone, endereco, portfolio) VALUES ('87456321000189', 'LAB. bate bem', '11987654321', 'Rua das Tecnologias, 500, São Paulo, SP', 'Coracao bem.');
INSERT INTO fornecedor (cnpj, nome, telefone, endereco, portfolio) VALUES ('76849531000155', 'LAB. PRINCIPA', '21987654322', 'Estrada dos Agricultores, 120, Campinas, SP', 'Nos temos a solucao.');
INSERT INTO fornecedor (cnpj, nome, telefone, endereco, portfolio) VALUES ('65849321000122', 'VIVABEM LAB.', '31987654323', 'Avenida dos Construtores, 750, Belo Horizonte, MG', 'menos dor');
INSERT INTO fornecedor (cnpj, nome, telefone, endereco, portfolio) VALUES ('54938210001299', 'BioHealth Equipamentos', '41987654324', 'Rua dos Médicos, 200, Rio de Janeiro, RJ', 'Equipamentos médicos e hospitalares.');
INSERT INTO fornecedor (cnpj, nome, telefone, endereco, portfolio) VALUES ('43021198000188', 'LAB. VIVA', '51987654325', 'Rua da Moda, 450, Fortaleza, CE', ' viva bem ');
INSERT INTO fornecedor (cnpj, nome, telefone, endereco, portfolio) VALUES ('32109876000199', 'LAB. dorme bem', '61987654326', 'Parque Tecnológico, 1080, Salvador, BA', 'Solucoes para o sono');
INSERT INTO fornecedor (cnpj, nome, telefone, endereco, portfolio) VALUES ('21098765000177', 'FARMALEV', '71987654327', 'Boulevard Gourmet, 330, Porto Alegre, RS', 'FARMA');
INSERT INTO fornecedor (cnpj, nome, telefone, endereco, portfolio) VALUES ('21098765000173', 'Fini brazil', '11387654321', 'Rua das lagrimas , 230, Porto Alegre, RS', 'Suprimento de doces');
INSERT INTO fornecedor (cnpj, nome, telefone, endereco, portfolio) VALUES ('23231942388322', 'Come bem', '51287154331', 'Rua das Parques , 130, Mato-Groso, MT', 'Doces & bebidas');
INSERT INTO fornecedor (cnpj, nome, telefone, endereco, portfolio) VALUES ('34573236842233', 'LAB. sobreviva', '33112496954', 'Rua das Parques , 131, Mato-Groso, MT', 'SEM DOR');

INSERT INTO funcionario (cpf, rg, nome, email, telefone, certificado, cargo, comissao, salario_fixo, salario_mensal, id_filial, endereco) 
VALUES
('12345678901', '987654321', 'João Silva', 'joao.silva@email.com', '11987654321', TRUE, 'Farmaceutico', 5.00, 3000.00, 3050.00, 1, 'Endereço 1'),
('23456789012', '876543219', 'Maria Oliveira', 'maria.oliveira@email.com', '21987654321', TRUE, 'Gerente', 10.00, 5000.00, 5500.00, 1, 'Endereço 2'),
('34567890123', '765432198', 'Ana Costa', 'ana.costa@email.com', '31987654321', FALSE, 'Faxineira', 0.00, 1200.00, 1200.00, 1, 'Endereço 3'),
('45678901234', '654321987', 'Carlos Dias', 'carlos.dias@email.com', '41987654321', FALSE, 'Atendente', 2.00, 2000.00, 2040.00, 1, 'Endereço 4'),
('56789012345', '543219876', 'Teresa Gonçalves', 'teresa.goncalves@email.com', '51987654321', FALSE, 'Atendente', 2.00, 2000.00, 2040.00, 1, 'Endereço 5'),
('56789012145', '543219176', 'Teresa', 'teresa.@email.com', '51987654321', FALSE, 'Atendente', 2.00, 2000.00, 2040.00, 2, 'Endereço 5'),
('45678901134', '654321187', 'Carlos ', 'carlos.@email.com', '41987654321', FALSE, 'Atendente', 2.00, 2000.00, 2040.00, 2, 'Endereço 4'),
('34567890223', '765432298', 'Ana ', 'ana.@email.com', '31987654321', FALSE, 'Faxineira', 0.00, 1200.00, 1200.00, 2, 'Endereço 3'),
('23456789312', '876543119', 'Maria ', 'maria.@email.com', '21987654321', TRUE, 'Gerente', 10.00, 5000.00, 5500.00, 2, 'Endereço 2'),
('12345678301', '987654121', 'João ', 'joao.@email.com', '11987654321', TRUE, 'Farmaceutico', 5.00, 3000.00, 3050.00, 2, 'Endereço 1'),
('50789012145', '513219176', 'Teresa dias', 'teresa.dias@email.com', '51980650121', FALSE, 'Atendente', 2.00, 2000.00, 2040.00, 4, 'Endereço 5'),
('45678911134', '611321187', 'Carlos dias ', 'carlos.diaSs@email.com', '41087014321', FALSE, 'Atendente', 2.00, 2000.00, 2040.00, 4, 'Endereço 4'),
('34560090123', '715432218', 'Ana dias', 'ana.dias@email.com', '31987604021', FALSE, 'Faxineira', 0.00, 1200.00, 1200.00, 4, 'Endereço 3'),
('23456080312', '176543119', 'Maria dias', 'maria.dias@email.com', '2108104321', TRUE, 'Gerente', 10.00, 5000.00, 5500.00, 4, 'Endereço 2'),
('1234071301', '917154121', 'João dias', 'joao.dias@email.com', '11907604321', TRUE, 'Farmaceutico', 5.00, 3000.00, 3050.00, 4, 'Endereço 1'),
('56789011145', '541219176', 'Teresa triz', 'teresa.triz@email.com', '51917654321', FALSE, 'Atendente', 2.00, 2000.00, 2040.00, 3, 'Endereço 5'),
('45678902134', '651321187', 'Carlos triz', 'carlos.triz@email.com', '41917654321', FALSE, 'Atendente', 2.00, 2000.00, 2040.00, 3, 'Endereço 4'),
('34567892223', '761432298', 'Ana triz', 'ana.triz@email.com', '31987654311', FALSE, 'Faxineira', 0.00, 1200.00, 1200.00, 3, 'Endereço 3'),
('23456782312', '871543119', 'Maria triz', 'maria.triz@email.com', '21987154321', TRUE, 'Gerente', 10.00, 5000.00, 5500.00, 3, 'Endereço 2'),
('12345672301', '981654121', 'João triz', 'joao.triz@email.com', '11987651321', TRUE, 'Farmaceutico', 5.00, 3000.00, 3050.00, 3, 'Endereço 1'),
('56789712145', '503219176', 'vitor', 'vitor.@email.com', '51987614321', FALSE, 'Atendente', 2.00, 2000.00, 2040.00, 5, 'Endereço 5'),
('45678701134', '604321187', 'gabriel ', 'gabriel.@email.com', '41982654321', FALSE, 'Atendente', 2.00, 2000.00, 2040.00, 5, 'Endereço 4'),
('34567790223', '705432298', 'vitoria ', 'vitoria.@email.com', '31982654321', FALSE, 'Faxineira', 0.00, 1200.00, 1200.00, 5, 'Endereço 3'),
('23456779312', '806543119', 'jucelino ', 'jucelino.@email.com', '21927654321', TRUE, 'Gerente', 10.00, 5000.00, 5500.00, 5, 'Endereço 2'),
('10345678301', '907654121', 'junior ', 'junior.@email.com', '11987624321', TRUE, 'Farmaceutico', 5.00, 3000.00, 3050.00, 5, 'Endereço 1'),
('56389712145', '303239176', 'vitor dias', 'vitor.dias@email.com', '51987614321', FALSE, 'Atendente', 2.00, 2000.00, 2040.00, 5, 'Endereço 5'),
('45373701134', '634323187', 'gabriel dias', 'gabriel.dias@email.com', '41912614321', FALSE, 'Atendente', 2.00, 2000.00, 2040.00, 5, 'Endereço 4'),
('34563790223', '735433298', 'vitoria dias', 'vitoria.dias@email.com', '31982154321', FALSE, 'Faxineira', 0.00, 1200.00, 1200.00, 5, 'Endereço 3'),
('23453779312', '836543119', 'jucelino dias', 'jucelino.dias@email.com', '21127154321', TRUE, 'Gerente', 10.00, 5000.00, 5500.00, 5, 'Endereço 2'),
('11145678301', '903634121', 'junior dias', 'junior.dias@email.com', '11987624121', TRUE, 'Farmaceutico', 5.00, 3000.00, 3050.00, 5, 'Endereço 1'),
('56789412145', '540009176', 'vitor santos', 'vitor.santos@email.com', '51987614421', FALSE, 'Atendente', 2.00, 2000.00, 2040.00, 6, 'Endereço 5'),
('45674701134', '644321187', 'gabriel santos', 'gabriel.santos@email.com', '41984654321', FALSE, 'Atendente', 2.00, 2000.00, 2040.00, 6, 'Endereço 4'),
('34567490223', '704432298', 'vitoria santos', 'vitoria.santos@email.com', '31984654321', FALSE, 'Faxineira', 0.00, 1200.00, 1200.00, 6, 'Endereço 3'),
('23454779312', '806543149', 'jucelino santos', 'jucelino.santos@email.com', '21427654321', TRUE, 'Gerente', 10.00, 5000.00, 5500.00, 6, 'Endereço 2'),
('12344678301', '907644121', 'junior santos', 'junior.santos@email.com', '14987424321', TRUE, 'Farmaceutico', 5.00, 3000.00, 3050.00, 6, 'Endereço 1'),
('56789717145', '503719176', 'isabela', 'isabela.@email.com', '51987614321', FALSE, 'Atendente', 2.00, 2000.00, 2040.00, 7, 'Endereço 5'),
('45678707134', '607321187', 'davi ', 'davi.@email.com', '41982657321', FALSE, 'Atendente', 2.00, 2000.00, 2040.00, 7, 'Endereço 4'),
('34567797223', '707432298', 'giovanna ', 'giovanna.@email.com', '31972654321', FALSE, 'Faxineira', 0.00, 1200.00, 1200.00, 7, 'Endereço 3'),
('23456777312', '807543119', 'fernanda ', 'fernanda.@email.com', '21977654321', TRUE, 'Gerente', 10.00, 5000.00, 5500.00, 7, 'Endereço 2'),
('12345677301', '002654121', 'caio ', 'caio.@email.com', '11987724321', TRUE, 'Farmaceutico', 5.00, 3000.00, 3050.00, 7, 'Endereço 1'),
('56789787145', '503719876', 'isabela santos', 'isabela.santos@email.com', '51988614321', FALSE, 'Atendente', 2.00, 2000.00, 2040.00, 8, 'Endereço 5'),
('45678807134', '607821187', 'davi santos', 'davi.santos@email.com', '41982658321', FALSE, 'Atendente', 2.00, 2000.00, 2040.00, 8, 'Endereço 4'),
('34567798223', '708482298', 'giovanna santos', 'giovanna.santos@email.com', '31982654321', FALSE, 'Faxineira', 0.00, 1200.00, 1200.00, 8, 'Endereço 3'),
('23456778312', '808543119', 'fernanda santos', 'fernanda.santos@email.com', '21987654321', TRUE, 'Gerente', 10.00, 5000.00, 5500.00, 8, 'Endereço 2'),
('01345678301', '908654121', 'caio santos', 'caio.santos@email.com', '11988724321', TRUE, 'Farmaceutico', 5.00, 3000.00, 3050.00, 8, 'Endereço 1'),
('56789717115', '544419176', 'isabela dias', 'isabela.dias@email.com', '51997614321', FALSE, 'Atendente', 2.00, 2000.00, 2040.00, 9, 'Endereço 5'),
('45678709134', '607441197', 'davi dias', 'davi.dias@email.com', '41982657391', FALSE, 'Atendente', 2.00, 2000.00, 2040.00, 9, 'Endereço 4'),
 ('34567797213', '707442298', 'giovanna dias', 'giovannadias.@email.com', '3192654321', FALSE, 'Faxineira', 0.00, 1200.00, 1200.00, 9, 'Endereço 3'),
 ('23456793111', '804493119', 'fernanda dias', 'fernanda.dias@email.com', '2197654321', TRUE, 'Gerente', 10.00, 5000.00, 5500.00, 9, 'Endereço 2'),
 ('12345679301', '904459121', 'caio dias', 'caio.dias@email.com', '1987724321', TRUE, 'Farmaceutico', 5.00, 3000.00, 3050.00, 9, 'Endereço 1'),
 ('56789713145', '303719176', 'isabela dias C', 'isabela.diasC@email.com', '51997634321', FALSE, 'Atendente', 2.00, 2000.00, 2040.00, 10, 'Endereço 5'),
 ('45678703134', '307321197', 'davi dias C', 'davi.diasC@email.com', '41982637391', FALSE, 'Atendente', 2.00, 2000.00, 2040.00, 10, 'Endereço 4'),
 ('34567793223', '307932298', 'giovanna dias C', 'giovannadias.C@email.com', '3192354321', FALSE, 'Faxineira', 0.00, 1200.00, 1200.00, 10, 'Endereço 3'),
 ('2345679312', '307593119', 'fernanda dias C', 'fernanda.diasC@email.com', '2193654321', TRUE, 'Gerente', 10.00, 5000.00, 5500.00, 10, 'Endereço 2'),
 ('12345673301', '307659121', 'caio dias C', 'caio.diasC@email.com', '1987324321', TRUE, 'Farmaceutico', 5.00, 3000.00, 3050.00, 10, 'Endereço 1');
 
 
INSERT INTO cliente (cpf, email, nome, data_nascimento, telefone, endereco, status_aniversario) VALUES
 ('12345678901', 'cliente1@email.com', 'Cliente Um', '1985-01-01', '11987654321', 'Endereço Cliente 1', False),
 ('23456789012', 'cliente2@email.com', 'Cliente Dois', '1990-02-02', '21987654322', 'Endereço Cliente 2', False),
 ('34567890123', 'cliente3@email.com', 'Cliente Três', '1995-03-03', '31987654323', 'Endereço Cliente 3', False),
 ('45678901234', 'cliente4@email.com', 'Cliente Quatro', '2000-04-04', '41987654324', 'Endereço Cliente 4', False),
 ('56789012345', 'cliente5@email.com', 'Cliente Cinco', '2005-05-05', '51987654325', 'Endereço Cliente 5', False),


 ('1234567213', 'cliente13@email.com', 'Cliente Um', '19850101', '1198765421', 'Endereço Cliente 2', False),
 ('2345672822', 'cliente66@email.com', 'Cliente Dois', '19900202', '2198764322', 'Endereço Cliente 2', False),
 ('3456789232', 'client11@email.com', 'Cliente Três', '19950303', '3198765323', 'Endereço Cliente 2', False),
 ('4567891242', 'cliente22@email.com', 'Cliente Quatro', '20000404', '4198654324', 'Endereço Cliente 2', False),
 ('5678912252', 'cliente21@email.com', 'Cliente Cinco', '20050505', '5198754325', 'Endereço Cliente 2', False),

('1234563213', 'cliente113@email.com', 'Cliente 11', '1985-10-23', '1198765421', 'Endereço Cliente 2', False),
('2345372822', 'cliente616@email.com', 'Cliente 11', '1993-02-22', '2198764322', 'Endereço Cliente 2', False),
('3156789232', 'client111@email.com', 'Cliente 11', '1995-03-23', '1198765323', 'Endereço Cliente 2', False),
('4167391242', 'cliente221@email.com', 'Cliente 11', '2004-03-24', '4198654324', 'Endereço Cliente 2', False),
('5178312252', 'cliente211@email.com', 'Cliente 11', '2005-02-05', '5198754325', 'Endereço Cliente 2', False),

('1244563214', 'cliente112@email.com', 'Cliente 31', '1985-04-23', '1194765421', 'Endereço Cliente 2', False),
('2445372824', 'cliente612@email.com', 'Cliente 31', '1993-04-22', '2194764322', 'Endereço Cliente 2', False),
('3146789242', 'client121@email.com', 'Cliente 31', '1995-04-23', '1194765323', 'Endereço Cliente 2', False),
('4147391242', 'cliente222@email.com', 'Cliente 31', '2004-04-24', '4194654324', 'Endereço Cliente 2', False),
('5478312254', 'cliente212@email.com', 'Cliente 31', '2005-12-05', '5194754325', 'Endereço Cliente 2', False),

 ('7234563213', 'cliente11w@email.com', 'Cliente 113', '1985-10-23', '1198765421', 'Endereço Cliente 11', False),
 ('7345372822', 'cliente61w@email.com', 'Cliente 616', '1993-02-22', '2198764322', 'Endereço Cliente 616', False),
 ('7456789232', 'client11w@email.com', 'Cliente 111', '1995-03-23', '3198765323', 'Endereço Cliente 111', False),
 ('7567391242', 'cliente22w@email.com', 'Cliente 221', '2004-03-02', '4198654324', 'Endereço Cliente 221', False),
 ('7678312252', 'cliente21w@email.com', 'Cliente 211', '2003-10-25', '5198754325', 'Endereço Cliente 211', False),

 ('7234663213', 'clientetaew@email.com', 'Cliente 113', '1985-10-23', '1198765421', 'Endereço Cliente 11', False),
 ('7346372822', 'clientetdwe@email.com', 'Cliente 616', '1993-02-22', '2198764322', 'Endereço Cliente 616', False),
 ('7456789632', 'client1tsew@email.com', 'Cliente 111', '1995-03-23', '3198765323', 'Endereço Cliente 111', False),
 ('7567391642', 'clientetwewd@email.com', 'Cliente 221', '2004-03-02', '4198654324', 'Endereço Cliente 221', False),
 ('7668612252', 'clientetaww@email.com', 'Cliente 211', '2003-10-25', '5198754325', 'Endereço Cliente 211', False),

 ('7274673213', 'clientetaesw@email.com', 'Cliente 113', '1985-10-23', '1194764421', 'Endereço Cliente 11', False),
 ('7347372722', 'clientetdwse@email.com', 'Cliente 616', '1993-02-22', '2198464322', 'Endereço Cliente 616', False),
 ('7457789732', 'client1tsesw@email.com', 'Cliente 111', '1995-03-23', '3194764323', 'Endereço Cliente 111', False),
 ('7577391742', 'clientetweswd@email.com', 'Cliente 221', '2004-03-02', '4148654424', 'Endereço Cliente 221', False),
 ('7678672272', 'clientetawsw@email.com', 'Cliente 211', '2003-10-25', '5198744425', 'Endereço Cliente 211', False),

 ('7234863283', 'clienteta8djw@email.com', 'Cliente 113', '1985-10-23', '1198765821', 'Endereço Cliente 11', False),
 ('7386872822', 'clientetd8dde@email.com', 'Cliente 616', '1993-02-22', '2198864322', 'Endereço Cliente 616', False),
 ('7456889832', 'client1t8hewd@email.com', 'Cliente 111', '1995-03-23', '3198765823', 'Endereço Cliente 111', False),
 ('7567381842', 'clientetw8ehswd@email.com', 'Cliente 221', '2004-03-02', '4188684324', 'Endereço Cliente 221', False),
 ('7668612852', 'clientetaa8w@email.com', 'Cliente 211', '2003-10-25', '5198758325', 'Endereço Cliente 211', False),

 ('7294669213', 'cliente9ew@email.com', 'Cliente 113', '1985-10-23', '1199769421', 'Endereço Cliente 11', False),
 ('734697922', 'clientet9we@email.com', 'Cliente 616', '1993-02-22', '2199769322', 'Endereço Cliente 616', False),
 ('7496789632', 'client19s9w@email.com', 'Cliente 111', '1995-03-23', '3198965923', 'Endereço Cliente 111', False),
 ('75693942', 'clientetw9d@email.com', 'Cliente 221', '2004-03-02', '4198954324', 'Endereço Cliente 221', False),
 ('7968912952', 'cliente9w@email.com', 'Cliente 211', '2003-10-25', '5199759325', 'Endereço Cliente 211', False),

 ('7294339313', 'cliente9ew3@email.com', 'Cliente 113', '1985-10-23', '119399421', 'Endereço Cliente 11', False),
 ('7334637322', 'clientet9w3e@email.com', 'Cliente 616', '1993-02-22', '219369322', 'Endereço Cliente 616', False),
 ('7496738332', 'client193s9w@email.com', 'Cliente 111', '1995-03-23', '319833923', 'Endereço Cliente 111', False),
 ('7536939342', 'clientetw93d@email.com', 'Cliente 221', '2004-03-02', '419334324', 'Endereço Cliente 221', False),
 ('7968932352', 'cliente39w@email.com', 'Cliente 211', '2003-10-25', '519975325', 'Endereço Cliente 211', False);
 
 
INSERT INTO venda (id_funcionario, id_cliente, data_venda, valor_total, nota_fiscal, id_filial) VALUES 
(1, 1, '2024-03-23', 299.99, 'NF123156', 1),
(1, 2, '2024-03-23', 299.99, 'NF113456', 1),
(1, 3, '2024-03-23', 299.99, 'NF123416', 1),
(1, 4, '2024-03-23', 299.99, 'NF123156', 1),
(1, 5, '2024-03-23', 299.99, 'NF113456', 1),
(2, 6, '2024-03-23', 299.99, 'NF123451', 1),
(2, 7, '2024-03-23', 299.99, 'NF121456', 1),
(2, 8, '2024-03-23', 299.99, 'NF123456', 1),
(2, 9, '2024-03-23', 299.99, 'NF113456', 1),
(2, 10, '2024-03-23', 299.99, 'NF123156', 1),
(2, 11, '2024-03-23', 299.99, 'NF123156', 1),
(3, 12, '2024-03-23', 299.99, 'NF113416', 1),
(3, 13, '2024-03-23', 299.99, 'NF113456', 1),
(3, 14, '2024-03-23', 299.99, 'NF123156', 1),
(3, 15, '2024-03-23', 299.99, 'NF123456', 1),
(3, 16, '2024-03-23', 299.99, 'NF121456', 1),
(3, 17, '2024-03-23', 299.99, 'NF123156', 1),
(4, 18, '2024-03-23', 299.99, 'NF121456', 1),
(4, 19, '2024-03-23', 299.99, 'NF123456', 1),
(4, 20, '2024-03-23', 299.99, 'NF123451', 1),
(2, 21, '2025-03-23', 299.99, 'NF123456', 2),
(2, 22, '2025-03-13', 299.99, 'NF113156', 2),
(2, 23, '2025-03-23', 299.99, 'NF121456', 2),
(2, 24, '2025-03-13', 299.99, 'NF123456', 2),
(3, 25, '2025-01-23', 299.99, 'NF113456', 3),
(3, 26, '2025-01-23', 299.99, 'NF123156', 3),
(3, 27, '2025-01-23', 299.99, 'NF123156', 3),
(4, 18, '2024-03-23', 299.99, 'NF121456', 4),
(4, 19, '2024-03-23', 299.99, 'NF123456', 4),
(4, 20, '2024-03-23', 299.99, 'NF123451', 4),
(2, 21, '2025-03-23', 299.99, 'NF123456', 4),
(2, 22, '2025-03-13', 299.99, 'NF113156', 4),
(2, 23, '2025-03-23', 299.99, 'NF121456', 4),
(2, 24, '2025-03-13', 299.99, 'NF123456', 4),
(3, 25, '2025-01-23', 299.99, 'NF113456', 4),
(3, 26, '2025-01-23', 299.99, 'NF123156', 4),
(3, 26, '2025-04-24', 299.99, 'NF123136', 4),
(3, 26, '2025-04-24', 299.99, 'NF123126', 4),
(3, 26, '2025-04-24', 299.99, 'NF123116', 4),
(1, 1, '2024-04-02', 299.99, 'NF122056', 1),
(1, 2, '2024-04-02', 299.99, 'NF111056', 1),
(1, 3, '2024-04-02', 299.99, 'NF124016', 1),
(1, 4, '2024-04-02', 299.99, 'NF121056', 1),
(3, 27, '2025-01-23', 299.99, 'NF123156', 4);

INSERT INTO produto (nome, preco, marca, tipo_remedio, prescricao_medica, tipo_tarja, forma_de_administracao, composicao_remedio, data_validade, data_fabricacao, secao) VALUES 
 ('Hidratante Corporal', 29.90, 'Dove', NULL, FALSE, NULL, NULL, 'Glycerin, Paraffinum Liquidum', '2025-12-31', '2023-01-01', 'Cuidados Pessoais'),
 ('Amoxicilina', 25.90, 'Eurofarma', 'Antibiótico', TRUE, 'Tarja Vermelha', 'Oral', 'Amoxicilina Triidratada 500mg', '2026-02-01', '2023-02-01', 'Medicamentos'),
 
 ('Omeprazol', 18.50, 'Aché', 'Antiulceroso', FALSE, 'Sem Tarja', 'Oral', 'Omeprazol 20mg', '2026-03-01', '2023-03-01', 'Medicamentos'),
 ('Paracetamol', 10.00, 'Cimed', 'Analgésico', FALSE, 'Sem Tarja', 'Oral', 'Paracetamol 500mg', '2026-04-01', '2023-04-01', 'Medicamentos'),
 ('Losartana Potássica', 22.90, 'Sandoz', 'Anti-hipertensivo', FALSE, 'Sem Tarja', 'Oral', 'Losartana Potássica 50mg', '2026-05-01', '2023-05-01', 'Medicamentos'),
 ('Shampoo Anticaspa', 25.90, 'ClearMen', NULL, FALSE, NULL, NULL, 'Zinco Piritiona', '2025-12-31', '2023-01-01', 'Higiene'),
 ('Creme Dental', 12.50, 'Colgate', NULL, FALSE, NULL, NULL, 'Fluoreto de Sódio', '2025-12-31', '2023-01-01', 'Higiene'),
 ('Desodorante Roll-On', 15.00, 'Rexona', NULL, FALSE, NULL, NULL, 'Aqua, Aluminum Chlorohydrate', '2025-12-31', '2023-01-01', 'Higiene'),
 ('Protetor Solar FPS 50', 49.90, 'Nivea', NULL, FALSE, NULL, NULL, 'Avobenzone, Octocrylene', '2025-12-31', '2023-01-01', 'Cuidados Pessoais'),
 ('Hidratante Corporal', 29.90, 'Dove', NULL, FALSE, NULL, NULL, 'Glycerin, Paraffinum Liquidum', '2025-12-31', '2023-01-01', 'Cuidados Pessoais'),
 ('Dipirona', 15.00, 'Medley', 'Analgésico', FALSE, 'Sem Tarja', 'Oral', 'Dipirona Sódica 500mg', '2026-01-01', '2023-01-01', 'Medicamentos'),

 ('Hidratante Corporal', 29.90, 'Dove', NULL, FALSE, NULL, NULL, 'Glycerin, Paraffinum Liquidum', '2025-12-31', '2023-01-01', 'Cuidados Pessoais'),
 ('Amoxicilina', 25.90, 'Eurofarma', 'Antibiótico', TRUE, 'Tarja Vermelha', 'Oral', 'Amoxicilina Triidratada 500mg', '2026-02-01', '2023-02-01', 'Medicamentos'),
 ('Omeprazol', 18.50, 'Aché', 'Antiulceroso', FALSE, 'Sem Tarja', 'Oral', 'Omeprazol 20mg', '2026-03-01', '2023-03-01', 'Medicamentos'),
 ('Paracetamol', 10.00, 'Cimed', 'Analgésico', FALSE, 'Sem Tarja', 'Oral', 'Paracetamol 500mg', '2026-04-01', '2023-04-01', 'Medicamentos'),
 ('Losartana Potássica', 22.90, 'Sandoz', 'Anti-hipertensivo', FALSE, 'Sem Tarja', 'Oral', 'Losartana Potássica 50mg', '2026-05-01', '2023-05-01', 'Medicamentos'),
 ('Shampoo Anticaspa', 25.90, 'ClearMen', NULL, FALSE, NULL, NULL, 'Zinco Piritiona', '2025-12-31', '2023-01-01', 'Higiene'),
 ('Creme Dental', 12.50, 'Colgate', NULL, FALSE, NULL, NULL, 'Fluoreto de Sódio', '2025-12-31', '2023-01-01', 'Higiene'),
 ('Desodorante Roll-On', 15.00, 'Rexona', NULL, FALSE, NULL, NULL, 'Aqua, Aluminum Chlorohydrate', '2025-12-31', '2023-01-01', 'Higiene'),
 ('Protetor Solar FPS 50', 49.90, 'Nivea', NULL, FALSE, NULL, NULL, 'Avobenzone, Octocrylene', '2025-12-31', '2023-01-01', 'Cuidados Pessoais'),
 ('Hidratante Corporal', 29.90, 'Dove', NULL, FALSE, NULL, NULL, 'Glycerin, Paraffinum Liquidum', '2025-12-31', '2023-01-01', 'Cuidados Pessoais'),
 ('Dipirona', 15.00, 'Medley', 'Analgésico', FALSE, 'Sem Tarja', 'Oral', 'Dipirona Sódica 500mg', '2026-01-01', '2023-01-01', 'Medicamentos'),

('Hidratante Corporal', 29.90, 'Dove', NULL, FALSE, NULL, NULL, 'Glycerin, Paraffinum Liquidum', '2025-12-31', '2023-01-01', 'Cuidados Pessoais'),
 ('Amoxicilina', 25.90, 'Eurofarma', 'Antibiótico', TRUE, 'Tarja Vermelha', 'Oral', 'Amoxicilina Triidratada 500mg', '2026-02-01', '2023-02-01', 'Medicamentos'),
 ('Omeprazol', 18.50, 'Aché', 'Antiulceroso', FALSE, 'Sem Tarja', 'Oral', 'Omeprazol 20mg', '2026-03-01', '2023-03-01', 'Medicamentos'),
 ('Paracetamol', 10.00, 'Cimed', 'Analgésico', FALSE, 'Sem Tarja', 'Oral', 'Paracetamol 500mg', '2026-04-01', '2023-04-01', 'Medicamentos'),
 ('Losartana Potássica', 22.90, 'Sandoz', 'Anti-hipertensivo', FALSE, 'Sem Tarja', 'Oral', 'Losartana Potássica 50mg', '2026-05-01', '2023-05-01', 'Medicamentos'),
 ('Shampoo Anticaspa', 25.90, 'ClearMen', NULL, FALSE, NULL, NULL, 'Zinco Piritiona', '2025-12-31', '2023-01-01', 'Higiene'),
 ('Creme Dental', 12.50, 'Colgate', NULL, FALSE, NULL, NULL, 'Fluoreto de Sódio', '2025-12-31', '2023-01-01', 'Higiene'),
 ('Desodorante Roll-On', 15.00, 'Rexona', NULL, FALSE, NULL, NULL, 'Aqua, Aluminum Chlorohydrate', '2025-12-31', '2023-01-01', 'Higiene'),
 ('Protetor Solar FPS 50', 49.90, 'Nivea', NULL, FALSE, NULL, NULL, 'Avobenzone, Octocrylene', '2025-12-31', '2023-01-01', 'Cuidados Pessoais'),
 ('Hidratante Corporal', 29.90, 'Dove', NULL, FALSE, NULL, NULL, 'Glycerin, Paraffinum Liquidum', '2025-12-31', '2023-01-01', 'Cuidados Pessoais'),
 ('Dipirona', 15.00, 'Medley', 'Analgésico', FALSE, 'Sem Tarja', 'Oral', 'Dipirona Sódica 500mg', '2026-01-01', '2023-01-01', 'Medicamentos'),
 
 ('Hidratante Corporal', 29.90, 'Dove', NULL, FALSE, NULL, NULL, 'Glycerin, Paraffinum Liquidum', '2025-12-31', '2023-01-01', 'Cuidados Pessoais'),
 ('Amoxicilina', 25.90, 'Eurofarma', 'Antibiótico', TRUE, 'Tarja Vermelha', 'Oral', 'Amoxicilina Triidratada 500mg', '2026-02-01', '2023-02-01', 'Medicamentos'),
 ('Omeprazol', 18.50, 'Aché', 'Antiulceroso', FALSE, 'Sem Tarja', 'Oral', 'Omeprazol 20mg', '2026-03-01', '2023-03-01', 'Medicamentos'),
 ('Paracetamol', 10.00, 'Cimed', 'Analgésico', FALSE, 'Sem Tarja', 'Oral', 'Paracetamol 500mg', '2026-04-01', '2023-04-01', 'Medicamentos'),
 ('Losartana Potássica', 22.90, 'Sandoz', 'Anti-hipertensivo', FALSE, 'Sem Tarja', 'Oral', 'Losartana Potássica 50mg', '2026-05-01', '2023-05-01', 'Medicamentos'),
 ('Shampoo Anticaspa', 25.90, 'ClearMen', NULL, FALSE, NULL, NULL, 'Zinco Piritiona', '2025-12-31', '2023-01-01', 'Higiene'),
 ('Creme Dental', 12.50, 'Colgate', NULL, FALSE, NULL, NULL, 'Fluoreto de Sódio', '2025-12-31', '2023-01-01', 'Higiene'),
 ('Desodorante Roll-On', 15.00, 'Rexona', NULL, FALSE, NULL, NULL, 'Aqua, Aluminum Chlorohydrate', '2025-12-31', '2023-01-01', 'Higiene'),
 ('Protetor Solar FPS 50', 49.90, 'Nivea', NULL, FALSE, NULL, NULL, 'Avobenzone, Octocrylene', '2025-12-31', '2023-01-01', 'Cuidados Pessoais'),
 ('Hidratante Corporal', 29.90, 'Dove', NULL, FALSE, NULL, NULL, 'Glycerin, Paraffinum Liquidum', '2025-12-31', '2023-01-01', 'Cuidados Pessoais'),
 ('Dipirona', 15.00, 'Medley', 'Analgésico', FALSE, 'Sem Tarja', 'Oral', 'Dipirona Sódica 500mg', '2026-01-01', '2023-01-01', 'Medicamentos');
 
 
INSERT INTO lote (id_produto, nome, quantidade, data_despacho, id_filial) 
VALUES
(1, 'Lote A1', 100, '2024-03-23', 1),
(2, 'Lote B2', 150, '2024-03-24', 1),
(3, 'Lote C3', 200, '2024-03-25', 1),
(4, 'Lote D4', 250, '2024-03-26', 1),
(5, 'Lote E5', 300, '2024-03-27', 1),
(6, 'Lote F6', 350, '2024-03-28', 1),
(7, 'Lote G7', 400, '2024-03-29', 1),
(8, 'Lote A1', 100, '2024-03-23', 1),
(9, 'Lote B2', 150, '2024-03-24', 1),
(10, 'Lote C3', 200, '2024-03-25', 1),
(11, 'Lote D4', 250, '2024-03-26', 1),
(12, 'Lote A1T', 100, '2024-03-23', 2),
(13, 'Lote B2T', 150, '2024-03-24', 2),
(14, 'Lote C3T', 200, '2024-03-25', 2),
(15, 'Lote D4T', 250, '2024-03-26', 2),
(16, 'Lote E5T', 300, '2024-03-27', 2),
(17, 'Lote F6T', 350, '2024-03-28', 2),
(18, 'Lote G7T', 400, '2024-03-29', 2),
(19, 'Lote A1T', 100, '2024-03-23', 2),
(20, 'Lote B2T', 150, '2024-03-24', 2),
(21, 'Lote C3T', 200, '2024-03-25', 2),
(22, 'Lote D4T', 250, '2024-03-26', 2),
(23, 'Lote A1R', 100, '2024-03-23', 3),
(24, 'Lote B2R', 150, '2024-03-24', 3),
(25, 'Lote C3R', 200, '2024-03-25', 3),
(26, 'Lote D4R', 250, '2024-03-26', 3),
(27, 'Lote E5R', 300, '2024-03-27', 3),
(28, 'Lote F6R', 350, '2024-03-28', 3),
(29, 'Lote G7R', 400, '2024-03-29', 3),
(30, 'Lote A1R', 100, '2024-03-23', 3),
(31, 'Lote B2R', 150, '2024-03-24', 3),
(32, 'Lote C3R', 200, '2024-03-25', 3),
(33, 'Lote D4R', 250, '2024-03-26', 3),
(34, 'Lote A1W', 100, '2024-03-23', 4),
(35, 'Lote B2W', 150, '2024-03-24', 4);

INSERT INTO principio_ativo (nome) VALUES
('Paracetamol'),
('Amoxicilina'),
('Zinco Piritiona'),
('Fluoreto de Sódio'),
('Aluminum Chlorohydrate');																				  						

INSERT INTO tem_venda (id_produto, id_venda, quantidade, preco, desconto) 
VALUES 
(1, 1, 2, 25.90, 0.00), 
(2, 2, 1, 12.50, 1.00),
(3, 3, 3, 15.00, 0.00),
(4, 4, 1, 49.90, 5.00),
(5, 5, 2, 29.90, 2.00),
(6, 6, 3, 15.00, 0.00),
(7, 7, 1, 49.90, 5.00),
(8, 8, 7, 29.90, 2.00),
(9, 9, 2, 29.90, 2.00),
(10, 10, 7, 29.90, 2.00),
(11, 11, 2, 29.90, 2.00),
(30, 30, 2, 25.90, 0.00), 
(12, 12, 1, 12.50, 1.00),
(13, 13, 3, 15.00, 0.00),
(14, 14, 7, 49.90, 5.00),
(15, 15, 2, 29.90, 2.00),
(16, 16, 7, 15.00, 0.00),
(17, 17, 7, 49.90, 5.00),
(18, 18, 7, 29.90, 2.00),
(19, 19, 7, 29.90, 2.00),
(20, 20, 7, 29.90, 2.00),
(21, 21, 7, 29.90, 2.00),
(31, 31, 2, 25.90, 0.00), 
(32, 32, 1, 12.50, 1.00),
(33, 33, 3, 15.00, 0.00),
(34, 34, 7, 49.90, 5.00),
(35, 35, 2, 29.90, 2.00),
(36, 36, 2, 15.00, 0.00),
(27, 27, 2, 49.90, 5.00),
(28, 28, 71, 29.90, 2.00),
(29, 29, 17, 29.90, 2.00),
(24, 20, 8, 29.90, 2.00),
(25, 21, 8, 29.90, 2.00),
(1, 39, 3, 30.00, 0),
(1, 41, 3, 30.00, 0),
(2, 40, 1, 40.00, 5.00),
(2, 42, 5, 25.90, 0.00), 
(3, 43, 5, 12.50, 1.00),
(4, 44, 5, 15.00, 0.00),
(5, 38, 5, 49.90, 5.00);

INSERT INTO fornece (id_fornecedor, id_produto, id_lote) VALUES 
(1, 1, 1),
(2, 2, 2),
(3, 3, 3),
(4, 4, 4),
(5, 5, 5),
(6, 6, 6),
(7, 7, 7),
(1, 8, 8),
(2, 9, 9),
(3,10,10),
(4,11,11),
(5,12,12),
(6,13,13),
(7,14,14),
(1,15,15),
(2,16,16),
(3,17,17),
(4,18,18),
(5,19,19),
(6,20,20),
(7,21,21),
(1,25,25),
(2,26,26),
(3,27,27),
(4,28,28),
(5,29,29),
(6,30,30),
(7,31,31),
(1,35,35);

INSERT INTO produto_tem_principio (id_produto, id_principio) VALUES
(1,1),
(2,2),
(3,3),
(4,4),
(5,5),
(6,1),
(7,2),
(8,3),
(9,4),
(10,5),
(11,1),
(12,2),
(13,3),
(14,4),
(15,5),
(16,1),
(17,2),
(18,3),
(19,4),
(20,5),
(21,1),
(22,2),
(23,3),
(24,4),
(25,5),
(26,1),
(27,2),
(28,3),
(29,4),
(30,5),
(31,1),
(32,2),
(33,3),
(34,4),
(35,5),
(36,1);

INSERT INTO classe (nome) VALUES 
('inotrópicos'),
('vasodilatadores'),
('anticoagulantes'),
('antipiréticos'),
('analgésicos'),
('paracetamol'),
('Higiene Pessoal'),
('Cuidados com a Pele');

INSERT INTO tem_classe (id_produto, id_classe) VALUES
(1,1),
(2,2),
(3,3),
(4,4),
(5,5),
(6,6),
(7,7),
(8,8),
(9,1),
(10,2),
(11,3),
(12,4),
(13,5),
(14,6),
(15,7),
(16,8),
(17,1),
(18,2),
(19,3),
(20,4),
(21,5),
(22,6),
(23,7),
(24,8),
(25,1),
(26,2),
(27,3),
(28,4),
(29,5),
(30,6),
(31,7),
(32,8),
(33,1),
(34,2),
(35,3),
(36,4);